resource,part,part_offset,part_size,commands,op_0027,op_002e,op_002f,op_0030,op_0033,op_003c,submitted,strips,triangles,bounds,pipeline,class
1622,0,0x2c,6980,214,54,0,54,54,29,1,0,0,0,[0;0;0 -> 0;0;0],0x0033,SOCKET_ONLY
1622,1,0x1b70,516,0,1,0,0,0,0,0,0,0,0,[0;0;0 -> 0;0;0],none,OTHER
1622,2,0x1d74,580,0,1,0,0,1,0,0,0,0,0,[0;0;0 -> 0;0;0],0x0030,OTHER
1622,3,0x1fb8,516,0,1,0,0,1,0,0,0,0,0,[0;0;0 -> 0;0;0],0x0030,OTHER
1622,4,0x21bc,516,0,1,0,0,1,0,0,0,0,0,[0;0;0 -> 0;0;0],0x0030,OTHER
1622,5,0x23c0,3748,0,28,0,0,28,0,1,0,0,0,[0;0;0 -> 0;0;0],0x0030,SOCKET_ONLY
1622,6,0x3264,3140,0,20,0,0,19,0,1,0,0,0,[0;0;0 -> 0;0;0],0x0030,SOCKET_ONLY
1622,7,0x3ea8,2468,54,10,0,5,9,0,0,8,0,6,[0.336;-0.183;0 -> 0.342;1.098;0],0x0030,GEOMETRY
1622,8,0x484c,4996,152,36,0,29,35,29,1,6,1,4,[0.336;-0.124;0 -> 0.342;0.304;0],0x0033,GEOMETRY
1622,9,0x5bd0,12548,0,0,0,0,0,0,0,0,0,0,[0;0;0 -> 0;0;0],none,EMPTY
1626,0,0x30,324,0,0,0,0,0,0,0,0,0,0,[0;0;0 -> 0;0;0],none,EMPTY
1626,1,0x174,1316,0,9,1,0,7,0,0,0,0,0,[0;0;0 -> 0;0;0],0x0030,OTHER
1626,2,0x698,7236,215,16,2,12,16,7,0,0,0,0,[0;0;0 -> 0;0;0],0x0033,OTHER
1626,3,0x22dc,6852,0,10,10,0,11,6,0,0,0,0,[0;0;0 -> 0;0;0],0x0033,OTHER
1626,4,0x3da0,1892,0,3,5,2,3,1,0,0,0,0,[0;0;0 -> 0;0;0],0x0033,OTHER
1626,5,0x4504,1572,0,3,0,0,3,0,0,0,0,0,[0;0;0 -> 0;0;0],0x0030,OTHER
1626,6,0x4b28,8868,269,47,0,15,60,22,1,14,1,12,[0.349;-5.731;0 -> 0.35;-5.054;1.536],0x0033,GEOMETRY
1626,7,0x6dcc,2820,0,11,0,0,8,0,1,0,0,0,[0;0;0 -> 0;0;0],0x0030,SOCKET_ONLY
1626,8,0x78d0,516,0,0,0,0,0,0,0,0,0,0,[0;0;0 -> 0;0;0],none,EMPTY
1626,9,0x7ad4,516,0,0,0,0,0,0,0,0,0,0,[0;0;0 -> 0;0;0],none,EMPTY
1626,10,0x7cd8,516,0,0,0,0,0,0,0,0,0,0,[0;0;0 -> 0;0;0],none,EMPTY
1630,0,0x18,1412,0,4,0,0,0,0,1,0,0,0,[0;0;0 -> 0;0;0],none,SOCKET_ONLY
1630,1,0x59c,1604,0,1,0,0,1,0,1,0,0,0,[0;0;0 -> 0;0;0],0x0030,SOCKET_ONLY
1630,2,0xbe0,4036,0,30,0,0,30,21,1,0,0,0,[0;0;0 -> 0;0;0],0x0033,SOCKET_ONLY
1630,3,0x1ba4,1124,0,3,0,0,1,1,0,0,0,0,[0;0;0 -> 0;0;0],0x0033,OTHER
1630,4,0x2008,8612,220,22,0,8,18,0,2,14,0,12,[0.271;-1.726;0.7 -> 0.277;1.894;0.7],0x0030,GEOMETRY
1670,0,0x38,356,0,0,0,0,0,0,0,0,0,0,[0;0;0 -> 0;0;0],none,EMPTY
1670,1,0x19c,484,0,0,0,0,0,0,2,0,0,0,[0;0;0 -> 0;0;0],none,SOCKET_ONLY
1670,2,0x380,100,0,0,0,0,0,0,0,0,0,0,[0;0;0 -> 0;0;0],none,EMPTY
1670,3,0x3e4,3268,0,10,0,1,17,0,1,0,0,0,[0;0;0 -> 0;0;0],0x0030,SOCKET_ONLY
1670,4,0x10a8,1156,0,5,0,0,3,0,1,0,0,0,[0;0;0 -> 0;0;0],0x0030,SOCKET_ONLY
1670,5,0x152c,676,0,1,0,0,1,0,1,0,0,0,[0;0;0 -> 0;0;0],0x0030,SOCKET_ONLY
1670,6,0x17d0,100,0,0,0,0,0,0,0,0,0,0,[0;0;0 -> 0;0;0],none,EMPTY
1670,7,0x1834,900,0,1,0,0,1,0,1,0,0,0,[0;0;0 -> 0;0;0],0x0030,SOCKET_ONLY
1670,8,0x1bb8,100,0,0,0,0,0,0,0,0,0,0,[0;0;0 -> 0;0;0],none,EMPTY
1670,9,0x1c1c,1412,0,2,0,0,2,0,1,0,0,0,[0;0;0 -> 0;0;0],0x0030,SOCKET_ONLY
1670,10,0x21a0,1380,0,12,0,0,0,0,0,0,0,0,[0;0;0 -> 0;0;0],none,OTHER
1670,11,0x2704,2692,0,8,0,0,0,1,1,0,0,0,[0;0;0 -> 0;0;0],0x0033,SOCKET_ONLY
1670,12,0x3188,10628,327,33,36,21,0,22,1,22,2,18,[0.273;0.206;0 -> 4.875;5.108;3.135],0x0033,GEOMETRY
