command_index,part_offset,resource_offset,first_dword,opcode,raw_bytes,confirmed_interpretation
0,12680,12708,0,01129800 00 00 00 30 11 00 00 F2 03 00 00 E8 09 FF FF 00 00 00 00 00 00 00 00 00 00 00 00 00 00 00 00",
1,12712,12740,131075,31129803 00 02 00 00 00 00 00 00 00 00 00 00 00 00 00 00 00 00 00 00 00 00 00 00 00 00 00 00 00 00 00",
2,12744,12772,262178,341129822 00 04 00 00 00 00 00 00 00 00 00 00 00 00 00 00 00 00 00 00 00 00 00 00 00 00 00 00 00 00 00",
3,12776,12804,5242905,251129819 00 50 00 00 00 FA 00 00 00 00 00 00 00 00 00 00 00 00 00 00 00 00 00 00 00 00 00 00 00 00 00",
4,12808,12836,66,661129842 00 00 00 28 00 00 00 00 00 00 00 00 00 00 00 00 00 00 00 00 00 00 00 00 00 00 00 00 00 00 00",
5,12840,12868,39,391129827 00 00 00 18 00 02 00 CE 00 85 FA B4 00 16 00 54 00 00 00 01 00 00 00 00 00 00 00 00 00 00 00",vertex declaration
6,12872,12900,46,46112982E 00 00 00 18 00 07 00 00 00 02 00 00 00 00 00 00 00 00 00 00 00 00 00 00 00 00 00 00 00 00 00",strip topology
7,12904,12932,47,47112982F 00 00 00 5A 00 64 00 00 00 00 00 00 00 00 00 00 00 00 00 00 00 00 00 00 00 00 00 00 00 00 00",UV
8,12936,12964,262212,681129844 00 04 00 01 00 18 00 00 00 00 00 00 00 00 00 00 00 00 00 00 00 00 00 00 00 00 00 00 00 00 00",
9,12968,12996,65575,391129827 00 01 00 07 00 DA 00 D5 00 7B F9 B4 00 07 00 54 00 08 00 01 00 00 00 00 00 00 00 00 00 00 00",vertex declaration
10,13000,13028,65582,46112982E 00 01 00 18 00 07 00 08 00 03 00 00 00 00 00 00 00 00 00 00 00 00 00 00 00 00 00 00 00 00 00",strip topology
11,13032,13060,65583,47112982F 00 01 00 5A 00 64 00 00 00 00 00 00 00 00 00 00 00 00 00 00 00 00 00 00 00 00 00 00 00 00 00",UV
12,13064,13092,327757,77112984D 00 05 00 00 00 00 00 00 00 00 00 00 00 00 00 00 00 00 00 00 00 00 00 00 00 00 00 00 00 00 00",
13,13096,13124,65577,411129829 00 01 00 DA 00 D5 00 7B F9 B4 00 00 00 00 00 00 00 00 00 00 00 00 00 00 00 00 00 00 00 00 00",
14,13128,13156,65579,43112982B 00 01 00 10 00 54 00 08 00 01 00 00 00 00 00 00 00 00 00 00 00 00 00 00 00 00 00 00 00 00 00",
15,13160,13188,65582,46112982E 00 01 00 18 00 07 00 08 00 0A 00 00 00 00 00 00 00 00 00 00 00 00 00 00 00 00 00 00 00 00 00",strip topology
16,13192,13220,65583,47112982F 00 01 00 5A 00 64 00 00 00 00 00 00 00 00 00 00 00 00 00 00 00 00 00 00 00 00 00 00 00 00 00",UV
17,13224,13252,78,78112984E 00 00 00 00 00 00 00 00 00 00 00 00 00 00 00 00 00 00 00 00 00 00 00 00 00 00 00 00 00 00 00",
18,13256,13284,131111,391129827 00 02 00 11 01 B1 00 00 00 3E FC B4 00 10 00 54 00 00 00 01 00 00 00 00 00 00 00 00 00 00 00",vertex declaration
19,13288,13316,131118,46112982E 00 02 00 18 00 07 00 00 00 00 00 00 00 00 00 00 00 00 00 00 00 00 00 00 00 00 00 00 00 00 00",strip topology
20,13320,13348,131119,47112982F 00 02 00 5A 00 64 00 00 00 00 00 00 00 00 00 00 00 00 00 00 00 00 00 00 00 00 00 00 00 00 00",UV
21,13352,13380,196647,391129827 00 03 00 14 01 C4 FF 00 00 3E FE B4 00 14 00 54 00 05 00 01 00 00 00 00 00 00 00 00 00 00 00",vertex declaration
22,13384,13412,196654,46112982E 00 03 00 18 00 07 00 05 00 01 00 00 00 00 00 00 00 00 00 00 00 00 00 00 00 00 00 00 00 00 00",strip topology
23,13416,13444,196655,47112982F 00 03 00 5A 00 64 00 00 00 00 00 00 00 00 00 00 00 00 00 00 00 00 00 00 00 00 00 00 00 00 00",UV
24,13448,13476,262183,391129827 00 04 00 11 01 92 01 00 00 EA FD B4 00 11 00 54 00 08 00 01 00 00 00 00 00 00 00 00 00 00 00",vertex declaration
25,13480,13508,262190,46112982E 00 04 00 18 00 07 00 08 00 01 00 00 00 00 00 00 00 00 00 00 00 00 00 00 00 00 00 00 00 00 00",strip topology
26,13512,13540,262191,47112982F 00 04 00 5A 00 64 00 00 00 00 00 00 00 00 00 00 00 00 00 00 00 00 00 00 00 00 00 00 00 00 00",UV
27,13544,13572,327719,391129827 00 05 00 11 01 3A 01 00 00 B6 FF B4 00 10 00 54 00 06 00 01 00 00 00 00 00 00 00 00 00 00 00",vertex declaration
28,13576,13604,327726,46112982E 00 05 00 18 00 07 00 06 00 00 00 00 00 00 00 00 00 00 00 00 00 00 00 00 00 00 00 00 00 00 00",strip topology
29,13608,13636,327727,47112982F 00 05 00 5A 00 64 00 00 00 00 00 00 00 00 00 00 00 00 00 00 00 00 00 00 00 00 00 00 00 00 00",UV
30,13640,13668,393255,391129827 00 06 00 14 01 27 00 00 00 14 01 B4 00 14 00 54 00 0A 00 01 00 00 00 00 00 00 00 00 00 00 00",vertex declaration
31,13672,13700,393262,46112982E 00 06 00 18 00 07 00 0A 00 01 00 00 00 00 00 00 00 00 00 00 00 00 00 00 00 00 00 00 00 00 00",strip topology
32,13704,13732,393263,47112982F 00 06 00 5A 00 64 00 00 00 00 00 00 00 00 00 00 00 00 00 00 00 00 00 00 00 00 00 00 00 00 00",UV
33,13736,13764,458791,391129827 00 07 00 11 01 A8 01 00 00 6D 02 B4 00 12 00 54 00 08 00 01 00 00 00 00 00 00 00 00 00 00 00",vertex declaration
34,13768,13796,458798,46112982E 00 07 00 18 00 07 00 08 00 01 00 00 00 00 00 00 00 00 00 00 00 00 00 00 00 00 00 00 00 00 00",strip topology
35,13800,13828,458799,47112982F 00 07 00 5A 00 64 00 00 00 00 00 00 00 00 00 00 00 00 00 00 00 00 00 00 00 00 00 00 00 00 00",UV
36,13832,13860,524327,391129827 00 08 00 11 01 84 00 00 00 BF 03 B4 00 11 00 54 00 0F 00 01 00 00 00 00 00 00 00 00 00 00 00",vertex declaration
37,13864,13892,524334,46112982E 00 08 00 18 00 07 00 0F 00 00 00 00 00 00 00 00 00 00 00 00 00 00 00 00 00 00 00 00 00 00 00",strip topology
38,13896,13924,524335,47112982F 00 08 00 5A 00 64 00 00 00 00 00 00 00 00 00 00 00 00 00 00 00 00 00 00 00 00 00 00 00 00 00",UV
39,13928,13956,589863,391129827 00 09 00 14 01 EC 01 00 00 2F 05 B4 00 15 00 54 00 0C 00 01 00 00 00 00 00 00 00 00 00 00 00",vertex declaration
40,13960,13988,589870,46112982E 00 09 00 18 00 07 00 0C 00 01 00 00 00 00 00 00 00 00 00 00 00 00 00 00 00 00 00 00 00 00 00",strip topology
41,13992,14020,589871,47112982F 00 09 00 5A 00 64 00 00 00 00 00 00 00 00 00 00 00 00 00 00 00 00 00 00 00 00 00 00 00 00 00",UV
42,14024,14052,655399,391129827 00 0A 00 11 01 19 00 00 00 3A 06 B4 00 12 00 54 00 15 00 01 00 00 00 00 00 00 00 00 00 00 00",vertex declaration
43,14056,14084,655406,46112982E 00 0A 00 18 00 07 00 15 00 01 00 00 00 00 00 00 00 00 00 00 00 00 00 00 00 00 00 00 00 00 00",strip topology
44,14088,14116,655407,47112982F 00 0A 00 5A 00 64 00 00 00 00 00 00 00 00 00 00 00 00 00 00 00 00 00 00 00 00 00 00 00 00 00",UV
45,14120,14148,65596,60112983C 00 01 00 1A 00 32 00 28 00 00 00 00 00 00 00 00 00 00 00 00 00 00 00 00 00 00 00 00 00 00 00",socket binding
46,14152,14180,16384079,79112984F 00 FA 00 00 00 00 00 00 00 00 00 00 00 00 00 00 00 00 00 00 00 00 00 00 00 00 00 00 00 00 00",
47,14184,14212,5242905,251129819 00 50 00 00 00 FA 00 00 00 00 00 00 00 00 00 00 00 00 00 00 00 00 00 00 00 00 00 00 00 00 00",
48,14216,14244,19660879,79112984F 00 2C 01 00 00 00 00 00 00 00 00 00 00 00 00 00 00 00 00 00 00 00 00 00 00 00 00 00 00 00 00",
49,14248,14276,16711705,251129819 00 FF 00 01 00 05 00 00 00 00 00 00 00 00 00 00 00 00 00 00 00 00 00 00 00 00 00 00 00 00 00",
50,14280,14308,19726415,79112984F 00 2D 01 00 00 00 00 00 00 00 00 00 00 00 00 00 00 00 00 00 00 00 00 00 00 00 00 00 00 00 00",
51,14312,14340,0,01129800 00 00 00 EC 13 00 00 F2 03 00 00 E8 09 FF FF 00 00 00 00 00 00 00 00 00 00 00 00 00 00 00 00",
52,14344,14372,262178,341129822 00 04 00 00 00 00 00 00 00 00 00 00 00 00 00 00 00 00 00 00 00 00 00 00 00 00 00 00 00 00 00",
53,14376,14404,51,511129833 00 00 00 00 00 00 00 00 00 00 00 00 00 00 00 00 00 00 00 00 00 00 00 00 00 00 00 00 00 00 00",triangle strip trigger
54,14408,14436,39,391129827 00 00 00 18 00 2E 12 CE 00 0F 0C 00 00 27 00 12 00 00 00 00 00 00 00 00 00 00 00 00 00 00 00",vertex declaration
55,14440,14468,46,46112982E 00 00 00 27 00 14 00 00 00 02 00 00 00 00 00 00 00 00 00 00 00 00 00 00 00 00 00 00 00 00 00",strip topology
56,14472,14500,65587,511129833 00 01 00 00 00 00 00 00 00 00 00 00 00 00 00 00 00 00 00 00 00 00 00 00 00 00 00 00 00 00 00",triangle strip trigger
57,14504,14532,196676,681129844 00 03 00 01 00 18 00 00 00 00 00 00 00 00 00 00 00 00 00 00 00 00 00 00 00 00 00 00 00 00 00",
58,14536,14564,65575,391129827 00 01 00 07 00 0B 13 D5 00 3C 0C 00 00 27 00 11 00 08 00 01 00 00 00 00 00 00 00 00 00 00 00",vertex declaration
59,14568,14596,65582,46112982E 00 01 00 27 00 13 00 00 00 03 00 00 00 00 00 00 00 00 00 00 00 00 00 00 00 00 00 00 00 00 00",strip topology
60,14600,14628,262221,77112984D 00 04 00 00 00 00 00 00 00 00 00 00 00 00 00 00 00 00 00 00 00 00 00 00 00 00 00 00 00 00 00",
61,14632,14660,65577,411129829 00 01 00 0B 13 D5 00 3C 0C 00 00 00 00 00 00 00 00 00 00 00 00 00 00 00 00 00 00 00 00 00 00",
62,14664,14692,65579,43112982B 00 01 00 27 00 11 00 00 00 00 00 00 00 00 00 00 00 00 00 00 00 00 00 00 00 00 00 00 00 00 00",
63,14696,14724,65582,46112982E 00 01 00 27 00 13 00 00 00 0A 00 00 00 00 00 00 00 00 00 00 00 00 00 00 00 00 00 00 00 00 00",strip topology
64,14728,14756,78,78112984E 00 00 00 00 00 00 00 00 00 00 00 00 00 00 00 00 00 00 00 00 00 00 00 00 00 00 00 00 00 00 00",
65,14760,14788,131123,511129833 00 02 00 00 00 00 00 00 00 00 00 00 00 00 00 00 00 00 00 00 00 00 00 00 00 00 00 00 00 00 00",triangle strip trigger
66,14792,14820,131111,391129827 00 02 00 11 01 B5 12 00 00 37 0E B4 00 10 00 54 00 00 00 01 00 00 00 00 00 00 00 00 00 00 00",vertex declaration
67,14824,14852,131118,46112982E 00 02 00 18 00 07 00 00 00 00 00 00 00 00 00 00 00 00 00 00 00 00 00 00 00 00 00 00 00 00 00",strip topology
68,14856,14884,131119,47112982F 00 02 00 32 00 64 00 00 00 00 00 00 00 00 00 00 00 00 00 00 00 00 00 00 00 00 00 00 00 00 00",UV
69,14888,14916,196659,511129833 00 03 00 00 00 00 00 00 00 00 00 00 00 00 00 00 00 00 00 00 00 00 00 00 00 00 00 00 00 00 00",triangle strip trigger
70,14920,14948,196647,391129827 00 03 00 14 01 CC 11 00 00 38 10 B4 00 14 00 54 00 05 00 01 00 00 00 00 00 00 00 00 00 00 00",vertex declaration
71,14952,14980,196654,46112982E 00 03 00 18 00 07 00 05 00 01 00 00 00 00 00 00 00 00 00 00 00 00 00 00 00 00 00 00 00 00 00",strip topology
72,14984,15012,196655,47112982F 00 03 00 32 00 64 00 00 00 00 00 00 00 00 00 00 00 00 00 00 00 00 00 00 00 00 00 00 00 00 00",UV
73,15016,15044,262195,511129833 00 04 00 00 00 00 00 00 00 00 00 00 00 00 00 00 00 00 00 00 00 00 00 00 00 00 00 00 00 00 00",triangle strip trigger
74,15048,15076,262183,391129827 00 04 00 11 01 9A 13 00 00 E3 0F B4 00 11 00 54 00 08 00 01 00 00 00 00 00 00 00 00 00 00 00",vertex declaration
75,15080,15108,262190,46112982E 00 04 00 18 00 07 00 08 00 01 00 00 00 00 00 00 00 00 00 00 00 00 00 00 00 00 00 00 00 00 00",strip topology
76,15112,15140,262191,47112982F 00 04 00 32 00 64 00 00 00 00 00 00 00 00 00 00 00 00 00 00 00 00 00 00 00 00 00 00 00 00 00",UV
77,15144,15172,327731,511129833 00 05 00 00 00 00 00 00 00 00 00 00 00 00 00 00 00 00 00 00 00 00 00 00 00 00 00 00 00 00 00",triangle strip trigger
78,15176,15204,327719,391129827 00 05 00 11 01 42 13 00 00 AF 11 B4 00 10 00 54 00 06 00 01 00 00 00 00 00 00 00 00 00 00 00",vertex declaration
79,15208,15236,327726,46112982E 00 05 00 18 00 07 00 06 00 00 00 00 00 00 00 00 00 00 00 00 00 00 00 00 00 00 00 00 00 00 00",strip topology
80,15240,15268,327727,47112982F 00 05 00 32 00 64 00 00 00 00 00 00 00 00 00 00 00 00 00 00 00 00 00 00 00 00 00 00 00 00 00",UV
81,15272,15300,393267,511129833 00 06 00 00 00 00 00 00 00 00 00 00 00 00 00 00 00 00 00 00 00 00 00 00 00 00 00 00 00 00 00",triangle strip trigger
82,15304,15332,393255,391129827 00 06 00 14 01 2F 12 00 00 0E 13 B4 00 14 00 54 00 0A 00 01 00 00 00 00 00 00 00 00 00 00 00",vertex declaration
83,15336,15364,393262,46112982E 00 06 00 18 00 07 00 0A 00 01 00 00 00 00 00 00 00 00 00 00 00 00 00 00 00 00 00 00 00 00 00",strip topology
84,15368,15396,393263,47112982F 00 06 00 32 00 64 00 00 00 00 00 00 00 00 00 00 00 00 00 00 00 00 00 00 00 00 00 00 00 00 00",UV
85,15400,15428,458803,511129833 00 07 00 00 00 00 00 00 00 00 00 00 00 00 00 00 00 00 00 00 00 00 00 00 00 00 00 00 00 00 00",triangle strip trigger
86,15432,15460,458791,391129827 00 07 00 11 01 B0 13 00 00 67 14 B4 00 12 00 54 00 08 00 01 00 00 00 00 00 00 00 00 00 00 00",vertex declaration
87,15464,15492,458798,46112982E 00 07 00 18 00 07 00 08 00 01 00 00 00 00 00 00 00 00 00 00 00 00 00 00 00 00 00 00 00 00 00",strip topology
88,15496,15524,458799,47112982F 00 07 00 32 00 64 00 00 00 00 00 00 00 00 00 00 00 00 00 00 00 00 00 00 00 00 00 00 00 00 00",UV
89,15528,15556,524339,511129833 00 08 00 00 00 00 00 00 00 00 00 00 00 00 00 00 00 00 00 00 00 00 00 00 00 00 00 00 00 00 00",triangle strip trigger
90,15560,15588,524327,391129827 00 08 00 11 01 8C 12 00 00 B9 15 B4 00 11 00 54 00 0F 00 01 00 00 00 00 00 00 00 00 00 00 00",vertex declaration
91,15592,15620,524334,46112982E 00 08 00 18 00 07 00 0F 00 00 00 00 00 00 00 00 00 00 00 00 00 00 00 00 00 00 00 00 00 00 00",strip topology
92,15624,15652,524335,47112982F 00 08 00 32 00 64 00 00 00 00 00 00 00 00 00 00 00 00 00 00 00 00 00 00 00 00 00 00 00 00 00",UV
93,15656,15684,589875,511129833 00 09 00 00 00 00 00 00 00 00 00 00 00 00 00 00 00 00 00 00 00 00 00 00 00 00 00 00 00 00 00",triangle strip trigger
94,15688,15716,589863,391129827 00 09 00 14 01 F4 13 00 00 29 17 B4 00 15 00 54 00 0C 00 01 00 00 00 00 00 00 00 00 00 00 00",vertex declaration
95,15720,15748,589870,46112982E 00 09 00 18 00 07 00 0C 00 01 00 00 00 00 00 00 00 00 00 00 00 00 00 00 00 00 00 00 00 00 00",strip topology
96,15752,15780,589871,47112982F 00 09 00 32 00 64 00 00 00 00 00 00 00 00 00 00 00 00 00 00 00 00 00 00 00 00 00 00 00 00 00",UV
97,15784,15812,655411,511129833 00 0A 00 00 00 00 00 00 00 00 00 00 00 00 00 00 00 00 00 00 00 00 00 00 00 00 00 00 00 00 00",triangle strip trigger
98,15816,15844,655399,391129827 00 0A 00 11 01 21 12 00 00 34 18 B4 00 12 00 54 00 15 00 01 00 00 00 00 00 00 00 00 00 00 00",vertex declaration
99,15848,15876,655406,46112982E 00 0A 00 18 00 07 00 15 00 01 00 00 00 00 00 00 00 00 00 00 00 00 00 00 00 00 00 00 00 00 00",strip topology
100,15880,15908,655407,47112982F 00 0A 00 32 00 64 00 00 00 00 00 00 00 00 00 00 00 00 00 00 00 00 00 00 00 00 00 00 00 00 00",UV
101,15912,15940,20971599,79112984F 00 40 01 00 00 00 00 00 00 00 00 00 00 00 00 00 00 00 00 00 00 00 00 00 00 00 00 00 00 00 00",
102,15944,15972,16711705,251129819 00 FF 00 01 00 05 00 00 00 00 00 00 00 00 00 00 00 00 00 00 00 00 00 00 00 00 00 00 00 00 00",
103,15976,16004,22282319,79112984F 00 54 01 00 00 00 00 00 00 00 00 00 00 00 00 00 00 00 00 00 00 00 00 00 00 00 00 00 00 00 00",
104,16008,16036,16711705,251129819 00 FF 00 01 00 05 00 00 00 00 00 00 00 00 00 00 00 00 00 00 00 00 00 00 00 00 00 00 00 00 00",
105,16040,16068,23593039,79112984F 00 68 01 00 00 00 00 00 00 00 00 00 00 00 00 00 00 00 00 00 00 00 00 00 00 00 00 00 00 00 00",
106,16072,16100,16711705,251129819 00 FF 00 01 00 05 00 00 00 00 00 00 00 00 00 00 00 00 00 00 00 00 00 00 00 00 00 00 00 00 00",
107,16104,16132,23986255,79112984F 00 6E 01 00 00 00 00 00 00 00 00 00 00 00 00 00 00 00 00 00 00 00 00 00 00 00 00 00 00 00 00",
108,16136,16164,4784145,171129811 00 49 00 00 00 00 00 00 00 00 00 00 00 00 00 00 00 00 00 00 00 00 00 00 00 00 00 00 00 00 00",
109,16168,16196,24903759,79112984F 00 7C 01 00 00 00 00 00 00 00 00 00 00 00 00 00 00 00 00 00 00 00 00 00 00 00 00 00 00 00 00",
110,16200,16228,16711705,251129819 00 FF 00 01 00 05 00 00 00 00 00 00 00 00 00 00 00 00 00 00 00 00 00 00 00 00 00 00 00 00 00",
111,16232,16260,26214479,79112984F 00 90 01 00 00 00 00 00 00 00 00 00 00 00 00 00 00 00 00 00 00 00 00 00 00 00 00 00 00 00 00",
112,16264,16292,16711705,251129819 00 FF 00 01 00 05 00 00 00 00 00 00 00 00 00 00 00 00 00 00 00 00 00 00 00 00 00 00 00 00 00",
113,16296,16324,27525199,79112984F 00 A4 01 00 00 00 00 00 00 00 00 00 00 00 00 00 00 00 00 00 00 00 00 00 00 00 00 00 00 00 00",
114,16328,16356,16711705,251129819 00 FF 00 01 00 05 00 00 00 00 00 00 00 00 00 00 00 00 00 00 00 00 00 00 00 00 00 00 00 00 00",
115,16360,16388,28835919,79112984F 00 B8 01 00 00 00 00 00 00 00 00 00 00 00 00 00 00 00 00 00 00 00 00 00 00 00 00 00 00 00 00",
116,16392,16420,16711705,251129819 00 FF 00 01 00 05 00 00 00 00 00 00 00 00 00 00 00 00 00 00 00 00 00 00 00 00 00 00 00 00 00",
117,16424,16452,30146639,79112984F 00 CC 01 00 00 00 00 00 00 00 00 00 00 00 00 00 00 00 00 00 00 00 00 00 00 00 00 00 00 00 00",
118,16456,16484,16711705,251129819 00 FF 00 01 00 05 00 00 00 00 00 00 00 00 00 00 00 00 00 00 00 00 00 00 00 00 00 00 00 00 00",
119,16488,16516,31457359,79112984F 00 E0 01 00 00 00 00 00 00 00 00 00 00 00 00 00 00 00 00 00 00 00 00 00 00 00 00 00 00 00 00",
120,16520,16548,16711705,251129819 00 FF 00 01 00 05 00 00 00 00 00 00 00 00 00 00 00 00 00 00 00 00 00 00 00 00 00 00 00 00 00",
121,16552,16580,32768079,79112984F 00 F4 01 00 00 00 00 00 00 00 00 00 00 00 00 00 00 00 00 00 00 00 00 00 00 00 00 00 00 00 00",
122,16584,16612,5242905,251129819 00 50 00 00 00 FA 00 00 00 00 00 00 00 00 00 00 00 00 00 00 00 00 00 00 00 00 00 00 00 00 00",
123,16616,16644,16711705,251129819 00 FF 00 01 00 05 00 00 00 00 00 00 00 00 00 00 00 00 00 00 00 00 00 00 00 00 00 00 00 00 00",
124,16648,16676,21,211129815 00 00 00 00 00 00 00 00 00 00 00 00 00 00 00 00 00 00 00 00 00 00 00 00 00 00 00 00 00 00 00",
125,16680,16708,34078799,79112984F 00 08 02 00 00 00 00 00 00 00 00 00 00 00 00 00 00 00 00 00 00 00 00 00 00 00 00 00 00 00 00",
126,16712,16740,16711705,251129819 00 FF 00 01 00 05 00 00 00 00 00 00 00 00 00 00 00 00 00 00 00 00 00 00 00 00 00 00 00 00 00",
127,16744,16772,35127375,79112984F 00 18 02 00 00 00 00 00 00 00 00 00 00 00 00 00 00 00 00 00 00 00 00 00 00 00 00 00 00 00 00",
128,16776,16804,131140,681129844 00 02 00 05 00 0B 00 1C 00 1F 00 26 00 1B 00 00 00 00 00 00 00 00 00 00 00 00 00 00 00 00 00",
129,16808,16836,19,191129813 00 00 00 01 00 00 00 00 00 00 00 00 00 00 00 00 00 00 00 00 00 00 00 00 00 00 00 00 00 00 00",
130,16840,16868,65613,77112984D 00 01 00 00 00 00 00 00 00 00 00 00 00 00 00 00 00 00 00 00 00 00 00 00 00 00 00 00 00 00 00",
131,16872,16900,78,78112984E 00 00 00 00 00 00 00 00 00 00 00 00 00 00 00 00 00 00 00 00 00 00 00 00 00 00 00 00 00 00 00",
132,16904,16932,35389519,79112984F 00 1C 02 00 00 00 00 00 00 00 00 00 00 00 00 00 00 00 00 00 00 00 00 00 00 00 00 00 00 00 00",
133,16936,16964,16711705,251129819 00 FF 00 01 00 05 00 00 00 00 00 00 00 00 00 00 00 00 00 00 00 00 00 00 00 00 00 00 00 00 00",
134,16968,16996,36700239,79112984F 00 30 02 00 00 00 00 00 00 00 00 00 00 00 00 00 00 00 00 00 00 00 00 00 00 00 00 00 00 00 00",
135,17000,17028,16711705,251129819 00 FF 00 01 00 05 00 00 00 00 00 00 00 00 00 00 00 00 00 00 00 00 00 00 00 00 00 00 00 00 00",
136,17032,17060,38010959,79112984F 00 44 02 00 00 00 00 00 00 00 00 00 00 00 00 00 00 00 00 00 00 00 00 00 00 00 00 00 00 00 00",
137,17064,17092,16711705,251129819 00 FF 00 01 00 05 00 00 00 00 00 00 00 00 00 00 00 00 00 00 00 00 00 00 00 00 00 00 00 00 00",
138,17096,17124,39059535,79112984F 00 54 02 00 00 00 00 00 00 00 00 00 00 00 00 00 00 00 00 00 00 00 00 00 00 00 00 00 00 00 00",
139,17128,17156,131140,681129844 00 02 00 08 00 02 00 03 00 05 00 06 00 08 00 09 00 0C 00 0F 00 00 00 00 00 00 00 00 00 00 00",
140,17160,17188,19,191129813 00 00 00 01 00 00 00 00 00 00 00 00 00 00 00 00 00 00 00 00 00 00 00 00 00 00 00 00 00 00 00",
141,17192,17220,327757,77112984D 00 05 00 00 00 00 00 00 00 00 00 00 00 00 00 00 00 00 00 00 00 00 00 00 00 00 00 00 00 00 00",
142,17224,17252,131140,681129844 00 02 00 05 00 12 00 14 00 17 00 1A 00 22 00 00 00 00 00 00 00 00 00 00 00 00 00 00 00 00 00",
143,17256,17284,19,191129813 00 00 00 01 00 00 00 00 00 00 00 00 00 00 00 00 00 00 00 00 00 00 00 00 00 00 00 00 00 00 00",
144,17288,17316,65613,77112984D 00 01 00 00 00 00 00 00 00 00 00 00 00 00 00 00 00 00 00 00 00 00 00 00 00 00 00 00 00 00 00",
145,17320,17348,78,78112984E 00 00 00 00 00 00 00 00 00 00 00 00 00 00 00 00 00 00 00 00 00 00 00 00 00 00 00 00 00 00 00",
146,17352,17380,78,78112984E 00 00 00 00 00 00 00 00 00 00 00 00 00 00 00 00 00 00 00 00 00 00 00 00 00 00 00 00 00 00 00",
147,17384,17412,39321679,79112984F 00 58 02 00 00 00 00 00 00 00 00 00 00 00 00 00 00 00 00 00 00 00 00 00 00 00 00 00 00 00 00",
148,17416,17444,16711705,251129819 00 FF 00 01 00 05 00 00 00 00 00 00 00 00 00 00 00 00 00 00 00 00 00 00 00 00 00 00 00 00 00",
149,17448,17476,40632399,79112984F 00 6C 02 00 00 00 00 00 00 00 00 00 00 00 00 00 00 00 00 00 00 00 00 00 00 00 00 00 00 00 00",
150,17480,17508,16711705,251129819 00 FF 00 01 00 05 00 00 00 00 00 00 00 00 00 00 00 00 00 00 00 00 00 00 00 00 00 00 00 00 00",
151,17512,17540,41025615,79112984F 00 72 02 00 00 00 00 00 00 00 00 00 00 00 00 00 00 00 00 00 00 00 00 00 00 00 00 00 00 00 00",
152,17544,17572,131140,681129844 00 02 00 08 00 01 00 04 00 0A 00 0E 00 11 00 15 00 16 00 1E 00 00 00 00 00 00 00 00 00 00 00",
153,17576,17604,19,191129813 00 00 00 01 00 00 00 00 00 00 00 00 00 00 00 00 00 00 00 00 00 00 00 00 00 00 00 00 00 00 00",
154,17608,17636,65613,77112984D 00 01 00 00 00 00 00 00 00 00 00 00 00 00 00 00 00 00 00 00 00 00 00 00 00 00 00 00 00 00 00",
155,17640,17668,78,78112984E 00 00 00 00 00 00 00 00 00 00 00 00 00 00 00 00 00 00 00 00 00 00 00 00 00 00 00 00 00 00 00",
156,17672,17700,41943119,79112984F 00 80 02 00 00 00 00 00 00 00 00 00 00 00 00 00 00 00 00 00 00 00 00 00 00 00 00 00 00 00 00",
157,17704,17732,16711705,251129819 00 FF 00 01 00 05 00 00 00 00 00 00 00 00 00 00 00 00 00 00 00 00 00 00 00 00 00 00 00 00 00",
158,17736,17764,42991695,79112984F 00 90 02 00 00 00 00 00 00 00 00 00 00 00 00 00 00 00 00 00 00 00 00 00 00 00 00 00 00 00 00",
159,17768,17796,131140,681129844 00 02 00 01 00 18 00 00 00 00 00 00 00 00 00 00 00 00 00 00 00 00 00 00 00 00 00 00 00 00 00",
160,17800,17828,20,201129814 00 00 00 01 00 00 00 00 00 00 00 00 00 00 00 00 00 00 00 00 00 00 00 00 00 00 00 00 00 00 00",
161,17832,17860,589901,77112984D 00 09 00 00 00 00 00 00 00 00 00 00 00 00 00 00 00 00 00 00 00 00 00 00 00 00 00 00 00 00 00",
162,17864,17892,131140,681129844 00 02 00 08 00 00 00 07 00 10 00 13 00 1D 00 20 00 21 00 23 00 00 00 00 00 00 00 00 00 00 00",
163,17896,17924,19,191129813 00 00 00 01 00 00 00 00 00 00 00 00 00 00 00 00 00 00 00 00 00 00 00 00 00 00 00 00 00 00 00",
164,17928,17956,327757,77112984D 00 05 00 00 00 00 00 00 00 00 00 00 00 00 00 00 00 00 00 00 00 00 00 00 00 00 00 00 00 00 00",
165,17960,17988,131140,681129844 00 02 00 04 00 24 00 25 00 28 00 19 00 00 00 00 00 00 00 00 00 00 00 00 00 00 00 00 00 00 00",
166,17992,18020,19,191129813 00 00 00 01 00 00 00 00 00 00 00 00 00 00 00 00 00 00 00 00 00 00 00 00 00 00 00 00 00 00 00",
167,18024,18052,65613,77112984D 00 01 00 00 00 00 00 00 00 00 00 00 00 00 00 00 00 00 00 00 00 00 00 00 00 00 00 00 00 00 00",
168,18056,18084,78,78112984E 00 00 00 00 00 00 00 00 00 00 00 00 00 00 00 00 00 00 00 00 00 00 00 00 00 00 00 00 00 00 00",
169,18088,18116,78,78112984E 00 00 00 00 00 00 00 00 00 00 00 00 00 00 00 00 00 00 00 00 00 00 00 00 00 00 00 00 00 00 00",
170,18120,18148,78,78112984E 00 00 00 00 00 00 00 00 00 00 00 00 00 00 00 00 00 00 00 00 00 00 00 00 00 00 00 00 00 00 00",
171,18152,18180,43253839,79112984F 00 94 02 00 00 00 00 00 00 00 00 00 00 00 00 00 00 00 00 00 00 00 00 00 00 00 00 00 00 00 00",
172,18184,18212,16711705,251129819 00 FF 00 01 00 05 00 00 00 00 00 00 00 00 00 00 00 00 00 00 00 00 00 00 00 00 00 00 00 00 00",
173,18216,18244,44564559,79112984F 00 A8 02 00 00 00 00 00 00 00 00 00 00 00 00 00 00 00 00 00 00 00 00 00 00 00 00 00 00 00 00",
174,18248,18276,16711705,251129819 00 FF 00 01 00 05 00 00 00 00 00 00 00 00 00 00 00 00 00 00 00 00 00 00 00 00 00 00 00 00 00",
175,18280,18308,44957775,79112984F 00 AE 02 00 00 00 00 00 00 00 00 00 00 00 00 00 00 00 00 00 00 00 00 00 00 00 00 00 00 00 00",
176,18312,18340,131140,681129844 00 02 00 02 00 0D 00 27 00 00 00 00 00 00 00 00 00 00 00 00 00 00 00 00 00 00 00 00 00 00 00",
177,18344,18372,19,191129813 00 00 00 01 00 00 00 00 00 00 00 00 00 00 00 00 00 00 00 00 00 00 00 00 00 00 00 00 00 00 00",
178,18376,18404,65613,77112984D 00 01 00 00 00 00 00 00 00 00 00 00 00 00 00 00 00 00 00 00 00 00 00 00 00 00 00 00 00 00 00",
179,18408,18436,78,78112984E 00 00 00 00 00 00 00 00 00 00 00 00 00 00 00 00 00 00 00 00 00 00 00 00 00 00 00 00 00 00 00",
180,18440,18468,45875279,79112984F 00 BC 02 00 00 00 00 00 00 00 00 00 00 00 00 00 00 00 00 00 00 00 00 00 00 00 00 00 00 00 00",
181,18472,18500,16711705,251129819 00 FF 00 01 00 05 00 00 00 00 00 00 00 00 00 00 00 00 00 00 00 00 00 00 00 00 00 00 00 00 00",
182,18504,18532,47185999,79112984F 00 D0 02 00 00 00 00 00 00 00 00 00 00 00 00 00 00 00 00 00 00 00 00 00 00 00 00 00 00 00 00",
183,18536,18564,16711705,251129819 00 FF 00 01 00 05 00 00 00 00 00 00 00 00 00 00 00 00 00 00 00 00 00 00 00 00 00 00 00 00 00",
184,18568,18596,48496719,79112984F 00 E4 02 00 00 00 00 00 00 00 00 00 00 00 00 00 00 00 00 00 00 00 00 00 00 00 00 00 00 00 00",
185,18600,18628,16711705,251129819 00 FF 00 01 00 05 00 00 00 00 00 00 00 00 00 00 00 00 00 00 00 00 00 00 00 00 00 00 00 00 00",
186,18632,18660,49152079,79112984F 00 EE 02 00 00 00 00 00 00 00 00 00 00 00 00 00 00 00 00 00 00 00 00 00 00 00 00 00 00 00 00",
187,18664,18692,5242905,251129819 00 50 00 00 00 FA 00 00 00 00 00 00 00 00 00 00 00 00 00 00 00 00 00 00 00 00 00 00 00 00 00",
188,18696,18724,49807439,79112984F 00 F8 02 00 00 00 00 00 00 00 00 00 00 00 00 00 00 00 00 00 00 00 00 00 00 00 00 00 00 00 00",
189,18728,18756,16711705,251129819 00 FF 00 01 00 05 00 00 00 00 00 00 00 00 00 00 00 00 00 00 00 00 00 00 00 00 00 00 00 00 00",
190,18760,18788,51118159,79112984F 00 0C 03 00 00 00 00 00 00 00 00 00 00 00 00 00 00 00 00 00 00 00 00 00 00 00 00 00 00 00 00",
191,18792,18820,16711705,251129819 00 FF 00 01 00 05 00 00 00 00 00 00 00 00 00 00 00 00 00 00 00 00 00 00 00 00 00 00 00 00 00",
192,18824,18852,52428879,79112984F 00 20 03 00 00 00 00 00 00 00 00 00 00 00 00 00 00 00 00 00 00 00 00 00 00 00 00 00 00 00 00",
193,18856,18884,16711705,251129819 00 FF 00 01 00 05 00 00 00 00 00 00 00 00 00 00 00 00 00 00 00 00 00 00 00 00 00 00 00 00 00",
194,18888,18916,53739599,79112984F 00 34 03 00 00 00 00 00 00 00 00 00 00 00 00 00 00 00 00 00 00 00 00 00 00 00 00 00 00 00 00",
195,18920,18948,16711705,251129819 00 FF 00 01 00 05 00 00 00 00 00 00 00 00 00 00 00 00 00 00 00 00 00 00 00 00 00 00 00 00 00",
196,18952,18980,55050319,79112984F 00 48 03 00 00 00 00 00 00 00 00 00 00 00 00 00 00 00 00 00 00 00 00 00 00 00 00 00 00 00 00",
197,18984,19012,16711705,251129819 00 FF 00 01 00 05 00 00 00 00 00 00 00 00 00 00 00 00 00 00 00 00 00 00 00 00 00 00 00 00 00",
198,19016,19044,56361039,79112984F 00 5C 03 00 00 00 00 00 00 00 00 00 00 00 00 00 00 00 00 00 00 00 00 00 00 00 00 00 00 00 00",
199,19048,19076,16711705,251129819 00 FF 00 01 00 05 00 00 00 00 00 00 00 00 00 00 00 00 00 00 00 00 00 00 00 00 00 00 00 00 00",
200,19080,19108,57671759,79112984F 00 70 03 00 00 00 00 00 00 00 00 00 00 00 00 00 00 00 00 00 00 00 00 00 00 00 00 00 00 00 00",
201,19112,19140,16711705,251129819 00 FF 00 01 00 05 00 00 00 00 00 00 00 00 00 00 00 00 00 00 00 00 00 00 00 00 00 00 00 00 00",
202,19144,19172,58654799,79112984F 00 7F 03 00 00 00 00 00 00 00 00 00 00 00 00 00 00 00 00 00 00 00 00 00 00 00 00 00 00 00 00",
203,19176,19204,131140,681129844 00 02 00 02 00 0D 00 27 00 00 00 00 00 00 00 00 00 00 00 00 00 00 00 00 00 00 00 00 00 00 00",
204,19208,19236,21,211129815 00 00 00 00 00 00 00 00 00 00 00 00 00 00 00 00 00 00 00 00 00 00 00 00 00 00 00 00 00 00 00",
205,19240,19268,65613,77112984D 00 01 00 00 00 00 00 00 00 00 00 00 00 00 00 00 00 00 00 00 00 00 00 00 00 00 00 00 00 00 00",
206,19272,19300,78,78112984E 00 00 00 00 00 00 00 00 00 00 00 00 00 00 00 00 00 00 00 00 00 00 00 00 00 00 00 00 00 00 00",
207,19304,19332,58982479,79112984F 00 84 03 00 00 00 00 00 00 00 00 00 00 00 00 00 00 00 00 00 00 00 00 00 00 00 00 00 00 00 00",
208,19336,19364,16711705,251129819 00 FF 00 01 00 05 00 00 00 00 00 00 00 00 00 00 00 00 00 00 00 00 00 00 00 00 00 00 00 00 00",
209,19368,19396,60293199,79112984F 00 98 03 00 00 00 00 00 00 00 00 00 00 00 00 00 00 00 00 00 00 00 00 00 00 00 00 00 00 00 00",
210,19400,19428,16711705,251129819 00 FF 00 01 00 05 00 00 00 00 00 00 00 00 00 00 00 00 00 00 00 00 00 00 00 00 00 00 00 00 00",
211,19432,19460,60620879,79112984F 00 9D 03 00 00 00 00 00 00 00 00 00 00 00 00 00 00 00 00 00 00 00 00 00 00 00 00 00 00 00 00",
212,19464,19492,131140,681129844 00 02 00 01 00 18 00 00 00 00 00 00 00 00 00 00 00 00 00 00 00 00 00 00 00 00 00 00 00 00 00",
213,19496,19524,21,211129815 00 00 00 00 00 00 00 00 00 00 00 00 00 00 00 00 00 00 00 00 00 00 00 00 00 00 00 00 00 00 00",
214,19528,19556,589901,77112984D 00 09 00 00 00 00 00 00 00 00 00 00 00 00 00 00 00 00 00 00 00 00 00 00 00 00 00 00 00 00 00",
215,19560,19588,131140,681129844 00 02 00 08 00 00 00 07 00 10 00 13 00 1D 00 20 00 21 00 23 00 00 00 00 00 00 00 00 00 00 00",
216,19592,19620,21,211129815 00 00 00 00 00 00 00 00 00 00 00 00 00 00 00 00 00 00 00 00 00 00 00 00 00 00 00 00 00 00 00",
217,19624,19652,327757,77112984D 00 05 00 00 00 00 00 00 00 00 00 00 00 00 00 00 00 00 00 00 00 00 00 00 00 00 00 00 00 00 00",
218,19656,19684,131140,681129844 00 02 00 04 00 24 00 25 00 28 00 19 00 00 00 00 00 00 00 00 00 00 00 00 00 00 00 00 00 00 00",
219,19688,19716,21,211129815 00 00 00 00 00 00 00 00 00 00 00 00 00 00 00 00 00 00 00 00 00 00 00 00 00 00 00 00 00 00 00",
220,19720,19748,65613,77112984D 00 01 00 00 00 00 00 00 00 00 00 00 00 00 00 00 00 00 00 00 00 00 00 00 00 00 00 00 00 00 00",
221,19752,19780,78,78112984E 00 00 00 00 00 00 00 00 00 00 00 00 00 00 00 00 00 00 00 00 00 00 00 00 00 00 00 00 00 00 00",
222,19784,19812,78,78112984E 00 00 00 00 00 00 00 00 00 00 00 00 00 00 00 00 00 00 00 00 00 00 00 00 00 00 00 00 00 00 00",
223,19816,19844,78,78112984E 00 00 00 00 00 00 00 00 00 00 00 00 00 00 00 00 00 00 00 00 00 00 00 00 00 00 00 00 00 00 00",
224,19848,19876,61603919,79112984F 00 AC 03 00 00 00 00 00 00 00 00 00 00 00 00 00 00 00 00 00 00 00 00 00 00 00 00 00 00 00 00",
225,19880,19908,16711705,251129819 00 FF 00 01 00 05 00 00 00 00 00 00 00 00 00 00 00 00 00 00 00 00 00 00 00 00 00 00 00 00 00",
226,19912,19940,62586959,79112984F 00 BB 03 00 00 00 00 00 00 00 00 00 00 00 00 00 00 00 00 00 00 00 00 00 00 00 00 00 00 00 00",
227,19944,19972,131140,681129844 00 02 00 08 00 01 00 04 00 0A 00 0E 00 11 00 15 00 16 00 1E 00 00 00 00 00 00 00 00 00 00 00",
228,19976,20004,21,211129815 00 00 00 00 00 00 00 00 00 00 00 00 00 00 00 00 00 00 00 00 00 00 00 00 00 00 00 00 00 00 00",
229,20008,20036,65613,77112984D 00 01 00 00 00 00 00 00 00 00 00 00 00 00 00 00 00 00 00 00 00 00 00 00 00 00 00 00 00 00 00",
230,20040,20068,78,78112984E 00 00 00 00 00 00 00 00 00 00 00 00 00 00 00 00 00 00 00 00 00 00 00 00 00 00 00 00 00 00 00",
231,20072,20100,62914639,79112984F 00 C0 03 00 00 00 00 00 00 00 00 00 00 00 00 00 00 00 00 00 00 00 00 00 00 00 00 00 00 00 00",
232,20104,20132,16711705,251129819 00 FF 00 01 00 05 00 00 00 00 00 00 00 00 00 00 00 00 00 00 00 00 00 00 00 00 00 00 00 00 00",
233,20136,20164,64225359,79112984F 00 D4 03 00 00 00 00 00 00 00 00 00 00 00 00 00 00 00 00 00 00 00 00 00 00 00 00 00 00 00 00",
234,20168,20196,16711705,251129819 00 FF 00 01 00 05 00 00 00 00 00 00 00 00 00 00 00 00 00 00 00 00 00 00 00 00 00 00 00 00 00",
235,20200,20228,64553039,79112984F 00 D9 03 00 00 00 00 00 00 00 00 00 00 00 00 00 00 00 00 00 00 00 00 00 00 00 00 00 00 00 00",
236,20232,20260,131140,681129844 00 02 00 08 00 02 00 03 00 05 00 06 00 08 00 09 00 0C 00 0F 00 00 00 00 00 00 00 00 00 00 00",
237,20264,20292,21,211129815 00 00 00 00 00 00 00 00 00 00 00 00 00 00 00 00 00 00 00 00 00 00 00 00 00 00 00 00 00 00 00",
238,20296,20324,327757,77112984D 00 05 00 00 00 00 00 00 00 00 00 00 00 00 00 00 00 00 00 00 00 00 00 00 00 00 00 00 00 00 00",
239,20328,20356,131140,681129844 00 02 00 05 00 12 00 14 00 17 00 1A 00 22 00 00 00 00 00 00 00 00 00 00 00 00 00 00 00 00 00",
240,20360,20388,21,211129815 00 00 00 00 00 00 00 00 00 00 00 00 00 00 00 00 00 00 00 00 00 00 00 00 00 00 00 00 00 00 00",
241,20392,20420,65613,77112984D 00 01 00 00 00 00 00 00 00 00 00 00 00 00 00 00 00 00 00 00 00 00 00 00 00 00 00 00 00 00 00",
242,20424,20452,78,78112984E 00 00 00 00 00 00 00 00 00 00 00 00 00 00 00 00 00 00 00 00 00 00 00 00 00 00 00 00 00 00 00",
243,20456,20484,78,78112984E 00 00 00 00 00 00 00 00 00 00 00 00 00 00 00 00 00 00 00 00 00 00 00 00 00 00 00 00 00 00 00",
244,20488,20516,65536079,79112984F 00 E8 03 00 00 00 00 00 00 00 00 00 00 00 00 00 00 00 00 00 00 00 00 00 00 00 00 00 00 00 00",
245,20520,20548,5242905,251129819 00 50 00 00 00 FA 00 00 00 00 00 00 00 00 00 00 00 00 00 00 00 00 00 00 00 00 00 00 00 00 00",
246,20552,20580,16711705,251129819 00 FF 00 01 00 05 00 00 00 00 00 00 00 00 00 00 00 00 00 00 00 00 00 00 00 00 00 00 00 00 00",
247,20584,20612,66846799,79112984F 00 FC 03 00 00 00 00 00 00 00 00 00 00 00 00 00 00 00 00 00 00 00 00 00 00 00 00 00 00 00 00",
248,20616,20644,16711705,251129819 00 FF 00 01 00 05 00 00 00 00 00 00 00 00 00 00 00 00 00 00 00 00 00 00 00 00 00 00 00 00 00",
249,20648,20676,68157519,79112984F 00 10 04 00 00 00 00 00 00 00 00 00 00 00 00 00 00 00 00 00 00 00 00 00 00 00 00 00 00 00 00",
250,20680,20708,16711705,251129819 00 FF 00 01 00 05 00 00 00 00 00 00 00 00 00 00 00 00 00 00 00 00 00 00 00 00 00 00 00 00 00",
251,20712,20740,68485199,79112984F 00 15 04 00 00 00 00 00 00 00 00 00 00 00 00 00 00 00 00 00 00 00 00 00 00 00 00 00 00 00 00",
252,20744,20772,131140,681129844 00 02 00 05 00 0B 00 1C 00 1F 00 26 00 1B 00 00 00 00 00 00 00 00 00 00 00 00 00 00 00 00 00",
253,20776,20804,21,211129815 00 00 00 00 00 00 00 00 00 00 00 00 00 00 00 00 00 00 00 00 00 00 00 00 00 00 00 00 00 00 00",
254,20808,20836,65613,77112984D 00 01 00 00 00 00 00 00 00 00 00 00 00 00 00 00 00 00 00 00 00 00 00 00 00 00 00 00 00 00 00",
255,20840,20868,78,78112984E 00 00 00 00 00 00 00 00 00 00 00 00 00 00 00 00 00 00 00 00 00 00 00 00 00 00 00 00 00 00 00",
256,20872,20900,69468239,79112984F 00 24 04 00 00 00 00 00 00 00 00 00 00 00 00 00 00 00 00 00 00 00 00 00 00 00 00 00 00 00 00",
257,20904,20932,16711705,251129819 00 FF 00 01 00 05 00 00 00 00 00 00 00 00 00 00 00 00 00 00 00 00 00 00 00 00 00 00 00 00 00",
258,20936,20964,70778959,79112984F 00 38 04 00 00 00 00 00 00 00 00 00 00 00 00 00 00 00 00 00 00 00 00 00 00 00 00 00 00 00 00",
259,20968,20996,16711705,251129819 00 FF 00 01 00 05 00 00 00 00 00 00 00 00 00 00 00 00 00 00 00 00 00 00 00 00 00 00 00 00 00",
260,21000,21028,71893071,79112984F 00 49 04 00 00 00 00 00 00 00 00 00 00 00 00 00 00 00 00 00 00 00 00 00 00 00 00 00 00 00 00",
261,21032,21060,4849681,171129811 00 4A 00 00 00 00 00 00 00 00 00 00 00 00 00 00 00 00 00 00 00 00 00 00 00 00 00 00 00 00 00",
262,21064,21092,72089679,79112984F 00 4C 04 00 00 00 00 00 00 00 00 00 00 00 00 00 00 00 00 00 00 00 00 00 00 00 00 00 00 00 00",
263,21096,21124,16711705,251129819 00 FF 00 01 00 05 00 00 00 00 00 00 00 00 00 00 00 00 00 00 00 00 00 00 00 00 00 00 00 00 00",
264,21128,21156,73400399,79112984F 00 60 04 00 00 00 00 00 00 00 00 00 00 00 00 00 00 00 00 00 00 00 00 00 00 00 00 00 00 00 00",
265,21160,21188,16711705,251129819 00 FF 00 01 00 05 00 00 00 00 00 00 00 00 00 00 00 00 00 00 00 00 00 00 00 00 00 00 00 00 00",
266,21192,21220,75366479,79112984F 00 7E 04 00 00 00 00 00 00 00 00 00 00 00 00 00 00 00 00 00 00 00 00 00 00 00 00 00 00 00 00",
267,21224,21252,16711705,251129819 00 FF 00 01 00 0A 00 00 00 00 00 00 00 00 00 00 00 00 00 00 00 00 00 00 00 00 00 00 00 00 00",
268,21256,21284,65587,511129833 00 01 00 00 00 00 00 00 00 00 00 00 00 00 00 00 00 00 00 00 00 00 00 00 00 00 00 00 00 00 00",triangle strip trigger
269,21288,21316,76021839,79112984F 00 88 04 00 00 00 00 00 00 00 00 00 00 00 00 00 00 00 00 00 00 00 00 00 00 00 00 00 00 00 00",
270,21320,21348,21,211129815 00 00 00 00 00 00 00 00 00 00 00 00 00 00 00 00 00 00 00 00 00 00 00 00 00 00 00 00 00 00 00",
271,21352,21380,76087375,79112984F 00 89 04 00 00 00 00 00 00 00 00 00 00 00 00 00 00 00 00 00 00 00 00 00 00 00 00 00 00 00 00",
272,21384,21412,0,01129800 00 00 00 30 11 00 00 F2 03 00 00 E8 09 FF FF 00 00 00 00 00 00 00 00 00 00 00 00 00 00 00 00",
273,21416,21444,262178,341129822 00 04 00 00 00 00 00 00 00 00 00 00 00 00 00 00 00 00 00 00 00 00 00 00 00 00 00 00 00 00 00",
274,21448,21476,51,511129833 00 00 00 00 00 00 00 00 00 00 00 00 00 00 00 00 00 00 00 00 00 00 00 00 00 00 00 00 00 00 00",triangle strip trigger
275,21480,21508,39,391129827 00 00 00 18 00 08 12 CE 00 6E 0B B4 00 16 00 54 00 00 00 01 00 00 00 00 00 00 00 00 00 00 00",vertex declaration
276,21512,21540,46,46112982E 00 00 00 18 00 07 00 00 00 02 00 00 00 00 00 00 00 00 00 00 00 00 00 00 00 00 00 00 00 00 00",strip topology
277,21544,21572,196676,681129844 00 03 00 01 00 18 00 00 00 00 00 00 00 00 00 00 00 00 00 00 00 00 00 00 00 00 00 00 00 00 00",
278,21576,21604,65575,391129827 00 01 00 07 00 0B 13 D5 00 3F 0C B4 00 07 00 54 00 08 00 01 00 00 00 00 00 00 00 00 00 00 00",vertex declaration
279,21608,21636,65582,46112982E 00 01 00 18 00 07 00 00 00 03 00 00 00 00 00 00 00 00 00 00 00 00 00 00 00 00 00 00 00 00 00",strip topology
280,21640,21668,262221,77112984D 00 04 00 00 00 00 00 00 00 00 00 00 00 00 00 00 00 00 00 00 00 00 00 00 00 00 00 00 00 00 00",
281,21672,21700,65577,411129829 00 01 00 0B 13 D5 00 3F 0C B4 00 00 00 00 00 00 00 00 00 00 00 00 00 00 00 00 00 00 00 00 00",
282,21704,21732,65579,43112982B 00 01 00 10 00 54 00 00 00 01 00 00 00 00 00 00 00 00 00 00 00 00 00 00 00 00 00 00 00 00 00",
283,21736,21764,65582,46112982E 00 01 00 18 00 07 00 08 00 0A 00 00 00 00 00 00 00 00 00 00 00 00 00 00 00 00 00 00 00 00 00",strip topology
284,21768,21796,78,78112984E 00 00 00 00 00 00 00 00 00 00 00 00 00 00 00 00 00 00 00 00 00 00 00 00 00 00 00 00 00 00 00",
285,21800,21828,131123,511129833 00 02 00 00 00 00 00 00 00 00 00 00 00 00 00 00 00 00 00 00 00 00 00 00 00 00 00 00 00 00 00",triangle strip trigger
286,21832,21860,131111,391129827 00 02 00 11 01 B5 12 00 00 37 0E B4 00 10 00 54 00 00 00 01 00 00 00 00 00 00 00 00 00 00 00",vertex declaration
287,21864,21892,131118,46112982E 00 02 00 18 00 07 00 00 00 00 00 00 00 00 00 00 00 00 00 00 00 00 00 00 00 00 00 00 00 00 00",strip topology
288,21896,21924,196659,511129833 00 03 00 00 00 00 00 00 00 00 00 00 00 00 00 00 00 00 00 00 00 00 00 00 00 00 00 00 00 00 00",triangle strip trigger
289,21928,21956,196647,391129827 00 03 00 14 01 CC 11 00 00 38 10 B4 00 14 00 54 00 05 00 01 00 00 00 00 00 00 00 00 00 00 00",vertex declaration
290,21960,21988,196654,46112982E 00 03 00 18 00 07 00 05 00 01 00 00 00 00 00 00 00 00 00 00 00 00 00 00 00 00 00 00 00 00 00",strip topology
291,21992,22020,262195,511129833 00 04 00 00 00 00 00 00 00 00 00 00 00 00 00 00 00 00 00 00 00 00 00 00 00 00 00 00 00 00 00",triangle strip trigger
292,22024,22052,262183,391129827 00 04 00 11 01 9A 13 00 00 E3 0F B4 00 11 00 54 00 08 00 01 00 00 00 00 00 00 00 00 00 00 00",vertex declaration
293,22056,22084,262190,46112982E 00 04 00 18 00 07 00 08 00 01 00 00 00 00 00 00 00 00 00 00 00 00 00 00 00 00 00 00 00 00 00",strip topology
294,22088,22116,327731,511129833 00 05 00 00 00 00 00 00 00 00 00 00 00 00 00 00 00 00 00 00 00 00 00 00 00 00 00 00 00 00 00",triangle strip trigger
295,22120,22148,327719,391129827 00 05 00 11 01 42 13 00 00 AF 11 B4 00 10 00 54 00 06 00 01 00 00 00 00 00 00 00 00 00 00 00",vertex declaration
296,22152,22180,327726,46112982E 00 05 00 18 00 07 00 06 00 00 00 00 00 00 00 00 00 00 00 00 00 00 00 00 00 00 00 00 00 00 00",strip topology
297,22184,22212,393267,511129833 00 06 00 00 00 00 00 00 00 00 00 00 00 00 00 00 00 00 00 00 00 00 00 00 00 00 00 00 00 00 00",triangle strip trigger
298,22216,22244,393255,391129827 00 06 00 14 01 2F 12 00 00 0E 13 B4 00 14 00 54 00 0A 00 01 00 00 00 00 00 00 00 00 00 00 00",vertex declaration
299,22248,22276,393262,46112982E 00 06 00 18 00 07 00 0A 00 01 00 00 00 00 00 00 00 00 00 00 00 00 00 00 00 00 00 00 00 00 00",strip topology
300,22280,22308,458803,511129833 00 07 00 00 00 00 00 00 00 00 00 00 00 00 00 00 00 00 00 00 00 00 00 00 00 00 00 00 00 00 00",triangle strip trigger
301,22312,22340,458791,391129827 00 07 00 11 01 B0 13 00 00 67 14 B4 00 12 00 54 00 08 00 01 00 00 00 00 00 00 00 00 00 00 00",vertex declaration
302,22344,22372,458798,46112982E 00 07 00 18 00 07 00 08 00 01 00 00 00 00 00 00 00 00 00 00 00 00 00 00 00 00 00 00 00 00 00",strip topology
303,22376,22404,524339,511129833 00 08 00 00 00 00 00 00 00 00 00 00 00 00 00 00 00 00 00 00 00 00 00 00 00 00 00 00 00 00 00",triangle strip trigger
304,22408,22436,524327,391129827 00 08 00 11 01 8C 12 00 00 B9 15 B4 00 11 00 54 00 0F 00 01 00 00 00 00 00 00 00 00 00 00 00",vertex declaration
305,22440,22468,524334,46112982E 00 08 00 18 00 07 00 0F 00 00 00 00 00 00 00 00 00 00 00 00 00 00 00 00 00 00 00 00 00 00 00",strip topology
306,22472,22500,589875,511129833 00 09 00 00 00 00 00 00 00 00 00 00 00 00 00 00 00 00 00 00 00 00 00 00 00 00 00 00 00 00 00",triangle strip trigger
307,22504,22532,589863,391129827 00 09 00 14 01 F4 13 00 00 29 17 B4 00 15 00 54 00 0C 00 01 00 00 00 00 00 00 00 00 00 00 00",vertex declaration
308,22536,22564,589870,46112982E 00 09 00 18 00 07 00 0C 00 01 00 00 00 00 00 00 00 00 00 00 00 00 00 00 00 00 00 00 00 00 00",strip topology
309,22568,22596,655411,511129833 00 0A 00 00 00 00 00 00 00 00 00 00 00 00 00 00 00 00 00 00 00 00 00 00 00 00 00 00 00 00 00",triangle strip trigger
310,22600,22628,655399,391129827 00 0A 00 11 01 21 12 00 00 34 18 B4 00 12 00 54 00 15 00 01 00 00 00 00 00 00 00 00 00 00 00",vertex declaration
311,22632,22660,655406,46112982E 00 0A 00 18 00 07 00 15 00 01 00 00 00 00 00 00 00 00 00 00 00 00 00 00 00 00 00 00 00 00 00",strip topology
312,22664,22692,77332559,79112984F 00 9C 04 00 00 00 00 00 00 00 00 00 00 00 00 00 00 00 00 00 00 00 00 00 00 00 00 00 00 00 00",
313,22696,22724,16711705,251129819 00 FF 00 01 00 0A 00 00 00 00 00 00 00 00 00 00 00 00 00 00 00 00 00 00 00 00 00 00 00 00 00",
314,22728,22756,79298639,79112984F 00 BA 04 00 00 00 00 00 00 00 00 00 00 00 00 00 00 00 00 00 00 00 00 00 00 00 00 00 00 00 00",
315,22760,22788,16711705,251129819 00 FF 00 01 00 0A 00 00 00 00 00 00 00 00 00 00 00 00 00 00 00 00 00 00 00 00 00 00 00 00 00",
316,22792,22820,81264719,79112984F 00 D8 04 00 00 00 00 00 00 00 00 00 00 00 00 00 00 00 00 00 00 00 00 00 00 00 00 00 00 00 00",
317,22824,22852,16711705,251129819 00 FF 00 01 00 0A 00 00 00 00 00 00 00 00 00 00 00 00 00 00 00 00 00 00 00 00 00 00 00 00 00",
318,22856,22884,81920079,79112984F 00 E2 04 00 00 00 00 00 00 00 00 00 00 00 00 00 00 00 00 00 00 00 00 00 00 00 00 00 00 00 00",
319,22888,22916,5242905,251129819 00 50 00 00 00 F0 00 00 00 00 00 00 00 00 00 00 00 00 00 00 00 00 00 00 00 00 00 00 00 00 00",
320,22920,22948,83230799,79112984F 00 F6 04 00 00 00 00 00 00 00 00 00 00 00 00 00 00 00 00 00 00 00 00 00 00 00 00 00 00 00 00",
321,22952,22980,16711705,251129819 00 FF 00 01 00 0A 00 00 00 00 00 00 00 00 00 00 00 00 00 00 00 00 00 00 00 00 00 00 00 00 00",
322,22984,23012,85196879,79112984F 00 14 05 00 00 00 00 00 00 00 00 00 00 00 00 00 00 00 00 00 00 00 00 00 00 00 00 00 00 00 00",
323,23016,23044,16711705,251129819 00 FF 00 01 00 0A 00 00 00 00 00 00 00 00 00 00 00 00 00 00 00 00 00 00 00 00 00 00 00 00 00",
324,23048,23076,87162959,79112984F 00 32 05 00 00 00 00 00 00 00 00 00 00 00 00 00 00 00 00 00 00 00 00 00 00 00 00 00 00 00 00",
325,23080,23108,16711705,251129819 00 FF 00 01 00 0A 00 00 00 00 00 00 00 00 00 00 00 00 00 00 00 00 00 00 00 00 00 00 00 00 00",
326,23112,23140,88473679,79112984F 00 46 05 00 00 00 00 00 00 00 00 00 00 00 00 00 00 00 00 00 00 00 00 00 00 00 00 00 00 00 00",
327,23144,23172,67,671129843 00 00 00 28 00 00 00 00 00 00 00 00 00 00 00 00 00 00 00 00 00 00 00 00 00 00 00 00 00 00 00",
328,23176,23204,65597,61112983D 00 01 00 00 00 23 00 00 00 00 00 00 00 00 00 00 00 00 00 00 00 00 00 00 00 00 00 00 00 00 00",
329,23208,23236,89129039,79112984F 00 50 05 00 00 00 00 00 00 00 00 00 00 00 00 00 00 00 00 00 00 00 00 00 00 00 00 00 00 00 00",
330,23240,23268,16711705,251129819 00 FF 00 01 00 0A 00 00 00 00 00 00 00 00 00 00 00 00 00 00 00 00 00 00 00 00 00 00 00 00 00",
331,23272,23300,91095119,79112984F 00 6E 05 00 00 00 00 00 00 00 00 00 00 00 00 00 00 00 00 00 00 00 00 00 00 00 00 00 00 00 00",
