RawVertex,SubmissionIndex,Strip,TriangleStart,TriangleEnd,SourceCommand,Position
0-10,,none,,,5-42,pass-0-not-submitted
11,0,0,0,0,54,derived-from-command-order
12,1,0,0,1,58,derived-from-command-order
13,2,0,0,2,66,derived-from-command-order
14,3,0,1,3,70,derived-from-command-order
15,4,0,2,4,74,derived-from-command-order
16,5,0,3,5,78,derived-from-command-order
17,6,0,4,6,82,derived-from-command-order
18,7,0,5,7,86,derived-from-command-order
19,8,0,6,8,90,derived-from-command-order
20,9,0,7,9,94,derived-from-command-order
21,10,0,8,8,98,derived-from-command-order
22,11,1,9,9,275,derived-from-command-order
23,12,1,9,10,278,derived-from-command-order
24,13,1,9,11,286,derived-from-command-order
25,14,1,10,12,289,derived-from-command-order
26,15,1,11,13,292,derived-from-command-order
27,16,1,12,14,295,derived-from-command-order
28,17,1,13,15,298,derived-from-command-order
29,18,1,14,16,301,derived-from-command-order
30,19,1,15,17,304,derived-from-command-order
31,20,1,16,18,307,derived-from-command-order
32,21,1,17,18,310,derived-from-command-order
