sample,dump,vsync,gif_stream_offset,qword_index,stream_offset,lo64,hi64,raw_128
B,190004,0,1776,0,1776,0x311E40000000000A,0x0000000000000412,0x0000000000000412311E40000000000A
B,190004,0,1776,1,1792,0xB70A641EBB06E093,0x000000003A8725C5,0x000000003A8725C5B70A641EBB06E093
B,190004,0,1776,2,1808,0x0000005300000048,0x000000800000003E,0x000000800000003E0000005300000048
B,190004,0,1776,3,1824,0x0000827000007FF7,0x00000FF00000F2C5,0x00000FF00000F2C50000827000007FF7
B,190004,0,1776,4,1840,0x3A36E0F6BAB5C92F,0x000000003A362672,0x000000003A3626723A36E0F6BAB5C92F
B,190004,0,1776,5,1856,0x0000005500000048,0x000000800000003F,0x000000800000003F0000005500000048
B,190004,0,1776,6,1872,0x0000806C00007306,0x00000FF000009A0A,0x00000FF000009A0A0000806C00007306
B,190004,0,1776,7,1888,0xB6BC7887BA37805A,0x000000003A380DB4,0x000000003A380DB4B6BC7887BA37805A
B,190004,0,1776,8,1904,0x0000004900000040,0x0000008000000037,0x00000080000000370000004900000040
B,190004,0,1776,9,1920,0x00007F7E00008D11,0x00000FF000009BF5,0x00000FF000009BF500007F7E00008D11
B,190004,0,1776,10,1936,0x3A0AFD68BA0A0555,0x000000003A0A6FA7,0x000000003A0A6FA73A0AFD68BA0A0555
B,190004,0,1776,11,1952,0x0000005900000058,0x000000800000003C,0x000000800000003C0000005900000058
B,190004,0,1776,12,1968,0x00007EB100007FFB,0x00000FF000006E09,0x00000FF000006E0900007EB100007FFB
B,190004,0,1776,13,1984,0xB68EE1D7358EE1D7,0x000000003A0B888C,0x000000003A0B888CB68EE1D7358EE1D7
B,190004,0,1776,14,2000,0x0000005E00000050,0x0000008000000048,0x00000080000000480000005E00000050
B,190004,0,1776,15,2016,0x00007DF9000093D5,0x00000FF000006F24,0x00000FF000006F2400007DF9000093D5
B,190004,0,1776,16,2032,0x39E02E133564A54F,0x0000000039DF496F,0x0000000039DF496F39E02E133564A54F
B,190004,0,1776,17,2048,0x0000005000000050,0x0000008000000036,0x00000080000000360000005000000050
B,190004,0,1776,18,2064,0x00007DA1000087ED,0x00000FF000005310,0x00000FF00000531000007DA1000087ED
B,190004,0,1776,19,2080,0xB6661AE039E0EFC6,0x0000000039E0B63F,0x0000000039E0B63FB6661AE039E0EFC6
B,190004,0,1776,20,2096,0x0000006000000054,0x0000008000000049,0x00000080000000490000006000000054
B,190004,0,1776,21,2112,0x00007D0C000097F5,0x00000FF0000053C8,0x00000FF0000053C800007D0C000097F5
B,190004,0,1776,22,2128,0x39BBD3F939BB444D,0x0000000039BB1468,0x0000000039BB146839BBD3F939BB444D
B,190004,0,1776,23,2144,0x0000006300000055,0x000000800000004A,0x000000800000004A0000006300000055
B,190004,0,1776,24,2160,0x00007CEA00008D4B,0x00000FF0000040D7,0x00000FF0000040D700007CEA00008D4B
B,190004,0,1776,25,2176,0xB64097A83A3C141A,0x0000000039BC141A,0x0000000039BC141AB64097A83A3C141A
B,190004,0,1776,26,2192,0x0000004A00000040,0x000000800000003A,0x000000800000003A0000004A00000040
B,190004,0,1776,27,2208,0x00007C6C00009ABE,0x00000FF000004158,0x00000FF00000415800007C6C00009ABE
B,190004,0,1776,28,2224,0x39A19ED43A20F9FE,0x0000000039A0F9FE,0x0000000039A0F9FE39A19ED43A20F9FE
B,190004,0,1776,29,2240,0x0000003E00000032,0x0000008000000031,0x00000080000000310000003E00000032
B,190004,0,1776,30,2256,0x00007C660000912A,0x00000FF0000033B3,0x00000FF0000033B300007C660000912A
