field,value,status,notes
QT_RUNTIME_VERSION,6.10.1,CONFIRMED,Existing local Qt6Core.dll runtime
QT_DEVELOPMENT_VERSION,6.10.1,CONFIRMED,Provisioned SDK version
QT_COMPILER,MSVC2022,CONFIRMED,win64_msvc2022_64 package
QT_ARCHITECTURE,x64,CONFIRMED,win64_msvc2022_64 package
QT6_CONFIG_PATH,D:\PCSX2_FORENSIC_DEPS\qt-sdk\6.10.1\msvc2022_64\lib\cmake\Qt6\Qt6Config.cmake,CONFIRMED,File exists
QT6_DIR,D:\PCSX2_FORENSIC_DEPS\qt-sdk\6.10.1\msvc2022_64\lib\cmake\Qt6,CONFIRMED,Used for discovery
QT_INSTALLATION_RESULT,PASS,CONFIRMED,SDK provisioned
CMAKE_CONFIGURE,BLOCKED,CONFIRMED,Next blocker KDDockWidgets-qt6 2.3.0
PCSX2_BUILD,BLOCKED,NOT_STARTED,Frontend configure did not complete
PCSX2_EXECUTABLE,NOT_CREATED,CONFIRMED,No forensic pcsx2-qt.exe
PCSX2_EXECUTABLE_SHA256,NONE,NOT_AVAILABLE,No executable
PCSX2_EXECUTABLE_SIZE,NONE,NOT_AVAILABLE,No executable
RUNTIME_EXECUTED,NO,CONFIRMED,Not executed
INSTRUMENTATION_MODIFIED,NO,CONFIRMED,No instrumentation
DW3RE_MODIFIED,NO,CONFIRMED,No DW3RE changes
PRODUCTION_CHANGES,0,CONFIRMED,No production changes
NEXT_BLOCKER,KDDockWidgets-qt6 2.3.0,CONFIRMED,Missing development package/configuration
