field,value,status,evidence
QT_INSTALLED,YES_RUNTIME_ONLY,CONFIRMED,Qt6Core.dll exists in local PCSX2 V2.3 directory
QT_VERSION,6.10.1,CONFIRMED,Qt6Core.dll ProductVersion 6.10.1.0
QT_ARCHITECTURE,x64,CONFIRMED,PE machine 8664
QT_COMPILER,UNKNOWN,NOT_DETERMINED,Runtime DLL metadata does not identify compiler
QT6_CONFIG_PATH,NOT_FOUND,CONFIRMED,No Qt6Config.cmake found in scoped local search
QT6_DIR,NOT_SET,CONFIRMED,No development package path available
QT_COMPATIBLE_WITH_MSVC2022,UNKNOWN,NOT_DETERMINED,Runtime is x64 but SDK/toolchain compatibility cannot be proven
PCSX2_QT_REQUIREMENT,Qt 6.10,CONFIRMED,PCSX2 find_package requirement
INSTALLATION_REQUIRED,YES,CONFIRMED,Development SDK components are absent
CMAKE_CONFIGURATION_AFTER_AUDIT,NOT_ATTEMPTED,CONFIRMED,No configure rerun
PCSX2_EXECUTABLE,NOT_CREATED,CONFIRMED,Forensic build has no pcsx2-qt.exe
RUNTIME_EXECUTED,NO,CONFIRMED,No PCSX2 execution
INSTRUMENTATION_MODIFIED,NO,CONFIRMED,No instrumentation changes
PRODUCTION_CHANGES,0,CONFIRMED,No production changes
