dependency,version,triplet,root,status
PNG,1.6.58,x64-windows,D:\\PCSX2_FORENSIC_DEPS\\vcpkg\\installed,REUSED
ZLIB,1.3.2,x64-windows,D:\\PCSX2_FORENSIC_DEPS\\vcpkg\\installed,REUSED
FFmpeg,9.0.1,x64-windows,D:\\PCSX2_FORENSIC_DEPS\\vcpkg\\installed,REUSED
HarfBuzz,14.4.0,x64-windows,D:\\PCSX2_FORENSIC_DEPS\\vcpkg\\installed,BUILT_PASS
JPEG,3.2.0,x64-windows,D:\\PCSX2_FORENSIC_DEPS\\vcpkg\\installed,BUILT
LZ4,1.10.0,x64-windows,D:\\PCSX2_FORENSIC_DEPS\\vcpkg\\installed,FOUND_CMAKE_CONFLICT
WebP,1.6.0,x64-windows,D:\\PCSX2_FORENSIC_DEPS\\vcpkg\\installed,BUILT
SDL3,3.4.16,x64-windows,D:\\PCSX2_FORENSIC_DEPS\\vcpkg\\installed,BUILT
PlutoVG,1.3.3,x64-windows,D:\\PCSX2_FORENSIC_DEPS\\vcpkg\\installed,BUILT
PlutoSVG,0.0.8,x64-windows,D:\\PCSX2_FORENSIC_DEPS\\vcpkg\\installed,BUILT
ryml,0.16.0,x64-windows,D:\\PCSX2_FORENSIC_DEPS\\vcpkg\\installed,BUILT
Shaderc,2026.2,x64-windows,D:\\PCSX2_FORENSIC_DEPS\\vcpkg\\installed,FOUND_CMAKE_LAYOUT_CONFLICT
DirectX-Headers,1.619.5,x64-windows,D:\\PCSX2_FORENSIC_DEPS\\vcpkg\\installed,REUSED
