item,path,status,value,notes
source,D:\Juegos\Playstation\Playstation 2\_forensic\PCSX2_SOURCE,CONFIRMED,236f67a82fd8a37b1e5c128228403fb7b89b3cd8,Required revision
build_directory,D:\PCSX2_FORENSIC_BUILD_03,CONFIRMED,Devel x64,Existing forensic build
generator,,CONFIRMED,Visual Studio 17 2022,MSVC
core_build,,PASS,common.lib and pcsx2.lib,Prior 44B.22E result
qt_ui,,ATTEMPTED,ON,Only requested configuration change
configure,,BLOCKED,Qt6 6.10 package not found,Qt6Config.cmake and qt6-config.cmake absent from search path
frontend_executable,,NOT_CREATED,NONE,No pcsx2-qt executable
executable_sha256,,NOT_AVAILABLE,NONE,No executable
executable_size,,NOT_AVAILABLE,NONE,No executable
runtime_execution,,NO,NO,PCSX2 not executed
instrumentation,,NO,NO,No instrumentation added
runtime_source_changes,,NO,NO,No C++ runtime changes
production_changes,,0,0,No production changes
