item,value,status,evidence
ryml_found,YES,CONFIRMED,D:\PCSX2_FORENSIC_DEPS\vcpkg\installed\x64-windows\share\ryml\rymlConfig.cmake
ryml_version,0.16.0,CONFIRMED,rymlConfig.cmake and c4/yml/version.hpp
ryml_header_found,YES,CONFIRMED,D:\PCSX2_FORENSIC_DEPS\vcpkg\installed\x64-windows\include\ryml\ryml.hpp
ryml_std_header_found,YES,CONFIRMED,D:\PCSX2_FORENSIC_DEPS\vcpkg\installed\x64-windows\include\ryml\ryml_std.hpp
ryml_api_compatible,YES,CONFIRMED,Required callbacks/error-format API and version macros exist in installed 0.16.0 headers
layout_mismatch,YES,CONFIRMED,PCXS2 includes bare ryml.hpp; package places it under include\ryml while target exports only include
cmake_patch_required,YES,CONFIRMED,Additional include directory required for existing source layout
cmake_patch_scope,INCLUDE_DISCOVERY_ONLY,CONFIRMED,common/CMakeLists.txt only
pcsx2_build_progress,PASS,CONFIRMED,common.lib and pcsx2.lib built; MSBuild exit code 0
baseline_pcsx2_build,PARTIAL,CONFIRMED,Configured non-Qt target built but no PCSX2 executable was produced
instrumentation_added,NO,CONFIRMED,No instrumentation changes
runtime_code_modified,NO,CONFIRMED,No C++ runtime changes
production_changes,0,CONFIRMED,No production tree changes
