vertex_id,qword_offset,X_raw,Y_raw,Z_raw,F,RGBA,STQ
0,1824,0x7FF7,0x8270,0x000F2C,0xFF,"72/83/62/128","-0.002058063/-8.248751E-06/0.001031094"
1,1872,0x7306,0x806C,0x0009A0,0xFF,"72/85/63/128","-0.001386916/0.0006976271/0.0006948478"
2,1920,0x8D11,0x7F7E,0x0009BF,0xFF,"64/73/55/128","-0.0007000022/-5.616868E-06/0.0007021085"
3,1968,0x7FFB,0x7EB1,0x0006E0,0xFF,"88/89/60/128","-0.0005265077/0.0005302043/0.000528092"
4,2016,0x93D5,0x7DF9,0x0006F2,0xFF,"80/94/72/128","1.064555E-06/-4.258221E-06/0.0005322776"
5,2064,0x87ED,0x7DA1,0x000531,0xFF,"80/80/54/128","8.517717E-07/0.0004275894/0.0004258859"
6,2112,0x97F5,0x7D0C,0x00053C,0xFF,"84/96/73/128","0.0004290325/-3.428831E-06/0.0004286039"
7,2160,0x8D4B,0x7CEA,0x00040D,0xFF,"85/99/74/128","0.0003571831/0.0003582535/0.0003568262"
8,2208,0x9ABE,0x7C6C,0x000415,0xFF,"64/74/58/128","0.0007174626/-2.869851E-06/0.0003587313"
9,2256,0x912A,0x7C66,0x00033B,0xFF,"50/62/49/128","0.0006140767/0.0003082665/0.0003070384"
