item,path,status,notes
source,D:\Juegos\Playstation\Playstation 2\_forensic\PCSX2_SOURCE,PRESENT,Revision 236f67a82fd8a37b1e5c128228403fb7b89b3cd8
build_directory,D:\PCSX2_FORENSIC_BUILD_03,PRESENT,Visual Studio 17 2022 x64
configuration,Devel,CONFIGURED,CMake configure PASS
build_log,D:\PCSX2_FORENSIC_BUILD_03\baseline_build.log,PRESENT,Build failed at common/YAML.h:8
pcsx2_executable,D:\PCSX2_FORENSIC_BUILD_03\bin\Devel\pcsx2-qt.exe,NOT_CREATED,No PCSX2 executable produced
compiler_id_c,D:\PCSX2_FORENSIC_BUILD_03\CMakeFiles\3.31.6-msvc6\CompilerIdC\CompilerIdC.exe,PRESENT,Compiler helper only
compiler_id_cxx,D:\PCSX2_FORENSIC_BUILD_03\CMakeFiles\3.31.6-msvc6\CompilerIdCXX\CompilerIdCXX.exe,PRESENT,Compiler helper only
ryml_header,D:\PCSX2_FORENSIC_DEPS\vcpkg\installed\x64-windows\include\ryml\ryml.hpp,PRESENT,Not visible to failing include search for common/YAML.cpp
ryml_library,D:\PCSX2_FORENSIC_DEPS\vcpkg\installed\x64-windows\lib\ryml.lib,PRESENT,Dependency exists
source_change_1,D:\Juegos\Playstation\Playstation 2\_forensic\PCSX2_SOURCE\cmake\FindLZ4.cmake,MODIFIED,Documented Phase 44B.22C change
source_change_2,D:\Juegos\Playstation\Playstation 2\_forensic\PCSX2_SOURCE\cmake\FindShaderc.cmake,MODIFIED,Documented Phase 44B.22C change
