Field,Value,Evidence
PCSX2_CONFIGURATION,Devel,PCSX2 generated configuration
TARGET_ABI,MSVC2022 x64 _ITERATOR_DEBUG_LEVEL=1,PCXS2 Devel flags
RYML_VERSION,0.16.0,Source tag and install
RYML_ITERATOR_DEBUG_LEVEL,1,dumpbin /directives ryml.lib
C4CORE_ITERATOR_DEBUG_LEVEL,1,Bundled c4core objects in ryml.lib
KDDOCKWIDGETS_VERSION,2.3.0,Source tag
KDDOCKWIDGETS_ITERATOR_DEBUG_LEVEL,1,dumpbin /directives Release object
QT_VERSION,6.10.1,Qt SDK path
QT_REBUILD_REQUIRED,NO,No Qt ABI mismatch observed
OTHER_ABI_MISMATCHES,NONE OBSERVED,Devel build completed
ABI_ALIGNMENT,PASS,Dependency and PCSX2 Devel ABI aligned
CMAKE_CONFIGURE,PASS,phase_44b_22l_configure.log
PCSX2_BUILD,PASS,phase_44b_22l_build.log
PCSX2_EXECUTABLE,D:\PCSX2_FORENSIC_BUILD_03\pcsx2-qt\Devel\pcsx2-qt.exe,File exists
PCSX2_EXECUTABLE_SHA256,BE7E5E6107530D78EF6CA3C62AE14C1EF670B0FA8734B8E7E0CE359ADA444C0E,Get-FileHash SHA256
PCSX2_EXECUTABLE_SIZE,18498048,File length bytes
RUNTIME_EXECUTED,NO,Explicitly not executed
INSTRUMENTATION_MODIFIED,NO,Source audit
DW3RE_MODIFIED,NO,Source audit
PRODUCTION_CHANGES,0,No production changes
