item,value,status
source_revision,236f67a82fd8a37b1e5c128228403fb7b89b3cd8,CONFIRMED
source_tree,D:\\Juegos\\Playstation\\Playstation 2\\_forensic\\PCSX2_SOURCE,CLEAN
dependency_root,D:\\PCSX2_FORENSIC_DEPS,NO_SPACE_PHYSICAL
build_root,D:\\PCSX2_FORENSIC_BUILD_02,ISOLATED
generator,Visual Studio 17 2022 x64,CONFIGURED_PARTIAL
compiler,MSVC 19.44.35228.0,DETECTED
windows_sdk,10.0.26100.0,DETECTED
cmake,3.31.6-msvc6,DETECTED
baseline_configure,PARTIAL,LZ4 Find module and Shaderc library detection conflicts
baseline_build,BLOCKED,NOT_EXECUTED
executable,NONE,NOT_CREATED
forensic_hooks,NO,CONFIRMED
production_changes,0,CONFIRMED
