component,path_or_version,status
Visual Studio,C:\Program Files\Microsoft Visual Studio\2022\Community,FOUND
MSVC,14.44.35207 / compiler 19.44.35228,FOUND
cl.exe,C:\Program Files\Microsoft Visual Studio\2022\Community\VC\Tools\MSVC\14.44.35207\bin\Hostx64\x64\cl.exe,FOUND
link.exe,C:\Program Files\Microsoft Visual Studio\2022\Community\VC\Tools\MSVC\14.44.35207\bin\Hostx64\x64\link.exe,FOUND
vcvars64.bat,C:\Program Files\Microsoft Visual Studio\2022\Community\VC\Auxiliary\Build\vcvars64.bat,FOUND
VsDevCmd.bat,C:\Program Files\Microsoft Visual Studio\2022\Community\Common7\Tools\VsDevCmd.bat,FOUND
CMake,3.31.6-msvc6,FOUND_NOT_PATH
Ninja,1.12.1,FOUND_NOT_PATH
Windows SDK,10.0.26100.0 selected; 10.0.22621.0 also present,FOUND
Git,C:\Program Files\Git\cmd\git.exe,FOUND
PNG,>=1.6.40, MISSING_AT_CONFIGURE
ZLIB,>=1.3 requested by project, MISSING_AT_CONFIGURE
Qt6,6.10 required by current source,NOT_REACHED
PCSX2 source revision,236f67a82fd8a37b1e5c128228403fb7b89b3cd8,CONFIRMED
