metric,190004,190008,difference_or_result,classification
compressed_bytes,5112670,5473907,361237,"confirmed"
decompressed_bytes,17678776,19874122,2195346,"confirmed"
transfer_records,12905,15788,2883,"confirmed"
transfer_payload_bytes,12136768,14314816,2178048,"confirmed"
vsync_records,4,4,0,"confirmed"
private_register_snapshots,4,4,0,"confirmed"
readfifo2_records,0,0,0,"confirmed"
header_bytes_equal,yes,yes,"yes through header fields","confirmed"
serial,SLUS-20617,SLUS-20617,"identical","confirmed"
crc,0xC22D5152,0xC22D5152,"identical","confirmed"
screenshot_dimensions,640x480,640x480,"identical","confirmed"
initial_common_prefix_bytes,156215,156215,"first difference at decompressed offset 156215","confirmed"
gs_state_region_equal,no,no,"state region differs","confirmed"
private_register_block_equal,yes,yes,"identical by SHA-256 of 8192-byte block","confirmed"
gif_tag_candidates,25342,30756,5414,"heuristic bounded parse","partial"
gif_pre_candidates,12640,15256,2616,"heuristic bounded parse","partial"
primitive_identity,unknown,unknown,"not safely decoded as complete draw batches","missing"
xyz2_vertex_count,unknown,unknown,"not safely decoded","missing"
uv_st_rgbaq_count,unknown,unknown,"not safely decoded","missing"
texture_upload_draw_batches,unknown,unknown,"raw transfer evidence exists; complete batch attribution missing","partial"
