stage,hook,source_file,line,available_data,feasibility,notes
EE,EE execution boundary,D:\Juegos\Playstation\Playstation 2\_forensic\PCSX2_SOURCE\pcsx2\R5900.cpp,377-435,cpuRegs.pc/cycle at event boundary,PARTIAL,Source exposes event/execute boundaries; a conditional 0x0033/0x0030 PC logger still requires an intentional instrumentation patch and runtime validation.
DMA1,VIF1 CHCR dispatch,D:\Juegos\Playstation\Playstation 2\_forensic\PCSX2_SOURCE\pcsx2\Dmac.cpp,387-390,CHCR write/value and DmaExec dispatch,PASS_DESIGN,Direct VIF1 channel entry; no trace produced.
DMA2,GIF CHCR dispatch,D:\Juegos\Playstation\Playstation 2\_forensic\PCSX2_SOURCE\pcsx2\Dmac.cpp,394-397,CHCR write/value and DmaExec dispatch,PASS_DESIGN,Direct GIF channel entry; no trace produced.
VIF1,VIF1 transfer,D:\Juegos\Playstation\Playstation 2\_forensic\PCSX2_SOURCE\pcsx2\Vif_Transfer.cpp,116,data pointer/word count/TTE,PASS_DESIGN,Exact consumer entry for VIF1 payload; no trace produced.
VIF1,DMA chain source,D:\Juegos\Playstation\Playstation 2\_forensic\PCSX2_SOURCE\pcsx2\Vif1_Dma.cpp,116-134,madr/qwc and VIF1transfer arguments,PASS_DESIGN,Provides source address and transfer size at chain transfer.
GIF,GIF chain transfer,D:\Juegos\Playstation\Playstation 2\_forensic\PCSX2_SOURCE\pcsx2\Gif.cpp,341-355,madr/qwc and GIF packet transfer,PASS_DESIGN,Direct path into gifUnit.TransferGSPacketData.
GIF,GIF DMA chain,D:\Juegos\Playstation\Playstation 2\_forensic\PCSX2_SOURCE\pcsx2\Gif.cpp,387-465,tags/madr/qwc/tadr and chain state,PASS_DESIGN,Captures DMA chain boundaries; no trace produced.
GS,GS transfer entry,D:\Juegos\Playstation\Playstation 2\_forensic\PCSX2_SOURCE\pcsx2\GS\GS.cpp,419-437,raw transfer buffer/size and renderer path,PASS_DESIGN,Downstream GS input; path index is represented by renderer transfer template, exact runtime attribution needs validation.
GSDump,format writer,D:\Juegos\Playstation\Playstation 2\_forensic\PCSX2_SOURCE\pcsx2\GS\GSDump.cpp,35-105,header/transfer/register/vsync records,PASS,Confirms dump records but not EE PC, ResourceID, VIF provenance, or VU memory.
VU1,VU execution boundary,D:\Juegos\Playstation\Playstation 2\_forensic\PCSX2_SOURCE\pcsx2\R5900.cpp,434-435,VU1 ExecuteBlock call,PARTIAL,Boundary exists; VU microprogram/data attribution requires a separate targeted hook.
