dump,vsync_index,record_index,stream_offset,gif_tag_offset,path,nloop,eop,flg,nreg,prim,register_sequence,vertex_count,xyz2_count,uv_count,tex0_seen,frame_seen,zbuf_seen,scissor_seen,xyoffset_seen
190004,0,1,0,0,3,22,1,PACKED,1,0x000,"A+D:FRAME_1",0,0,0,0,1,0,0,0
190004,0,2,368,368,3,1,1,PACKED,1,0x000,"A+D:SCISSOR_2",0,0,0,0,0,0,1,0
190004,0,3,400,400,3,1,1,PACKED,1,0x000,"A+D:FOGCOL",0,0,0,0,0,0,0,0
190004,0,4,432,432,3,1,0,PACKED,1,0x000,"A+D:DTHE",0,0,0,0,0,0,0,0
190004,0,5,464,464,3,1,1,PACKED,1,0x000,"A+D:DTHE",0,0,0,0,0,0,0,0
190004,0,6,496,496,3,1,0,PACKED,1,0x000,"A+D:TEX1_2",0,0,0,0,0,0,0,0
190004,0,7,528,528,3,1,0,PACKED,1,0x000,"A+D:CLAMP_2",0,0,0,0,0,0,0,0
190004,0,8,560,560,3,1,0,PACKED,1,0x000,"A+D:ALPHA_2",0,0,0,0,0,0,0,0
190004,0,9,592,592,3,1,0,PACKED,1,0x000,"A+D:TEST_2",0,0,0,0,0,0,0,0
190004,0,10,624,624,3,1,0,REGLIST,14,0x000,"GIF:0x70,0x12,0x2C,0xC1,0x12,0x24,0x41,0x00,0x70,0x12,0x2C,0xC1,0x12,0x24",0,0,0,0,0,0,0,0
190004,0,11,752,752,3,1,0,PACKED,1,0x000,"A+D:ALPHA_2",0,0,0,0,0,0,0,0
190004,0,12,784,784,3,1,0,PACKED,1,0x000,"A+D:TEST_2",0,0,0,0,0,0,0,0
190004,0,13,816,816,3,1,0,REGLIST,14,0x000,"GIF:0x70,0x12,0x2C,0xC1,0x12,0x24,0x41,0x00,0x70,0x12,0x2C,0xC1,0x12,0x24",0,0,0,0,0,0,0,0
190004,0,14,944,944,3,1,0,PACKED,1,0x000,"A+D:ALPHA_2",0,0,0,0,0,0,0,0
190004,0,15,976,976,3,1,0,PACKED,1,0x000,"A+D:TEST_2",0,0,0,0,0,0,0,0
